﻿[
    {
        "id": "",
        "pw": "",
        "setup_place": "대구 어딘가",
        "setup_day": {
            "year": "2021",
            "month": "7",
            "day": "6",
            "hour": "00",
            "minute": "00",
            "second": "00"
        },
        "display": {
            "width": "80",
            "height": "64"
        },
        "max_brightness": "63",
        "serial": "1000000063aab834",
        "company_name": "다인이 생일"
    },
    {
        "id": "",
        "pw": "",
        "setup_place": "경상북도 경산시 대학로 280 영남대학교 기계IT대학 정보통신공학과 303호",
        "setup_day": {
            "year": "2021",
            "month": "6",
            "day": "17",
            "hour": "15",
            "minute": "00",
            "second": "03"
        },
        "display": {
            "width": "80",
            "height": "64"
        },
        "max_brightness": "63",
        "serial": "10000000806938b5",
        "company_name": "Where am I?"
    },
    {
        "id": "",
        "pw": "",
        "setup_place": "포항",
        "setup_day": {
            "year": "2021",
            "month": "3",
            "day": "28",
            "hour": "00",
            "minute": "00",
            "second": "00"
        },
        "display": {
            "width": "80",
            "height": "64"
        },
        "max_brightness": "63",
        "serial": "10000000a71b32fa",
        "company_name": "승호 생일"
    },
    {
        "id": "",
        "pw": "",
        "setup_place": "경상북도 경산시 대학로 280 영남대학교 기계IT대학 정보통신공학과 303호",
        "setup_day": {
            "year": "2021",
            "month": "6",
            "day": "17",
            "hour": "15",
            "minute": "00",
            "second": "03"
        },
        "display": {
            "width": "80",
            "height": "64"
        },
        "max_brightness": "63",
        "serial": "10000000ce62b965",
        "company_name": "영남대학교 이동통신연구실"
    }
]